{
  "category_scores": {
    "naive_rag": {
      "ARABIZI": {
        "exact_match": 0.0,
        "token_f1": 0.0704178202150146,
        "rouge_l": 0.06074488006733863,
        "keyword_hit_rate": 0.0,
        "n": 28
      },
      "DARIJA": {
        "exact_match": 0.0,
        "token_f1": 0.526124610166124,
        "rouge_l": 0.4839543617547937,
        "keyword_hit_rate": 0.8851190476190477,
        "n": 28
      },
      "SIMPLE": {
        "exact_match": 0.0,
        "token_f1": 0.6258575303015801,
        "rouge_l": 0.5250731252540894,
        "keyword_hit_rate": 0.6261904761904763,
        "n": 28
      },
      "LEGAL": {
        "exact_match": 0.0,
        "token_f1": 0.5821309251297769,
        "rouge_l": 0.5156575440679374,
        "keyword_hit_rate": 0.6410256410256411,
        "n": 13
      },
      "OUTSCOPE": {
        "exact_match": 0.0,
        "token_f1": 0.03980272694886589,
        "rouge_l": 0.02685772132760041,
        "keyword_hit_rate": 0.06666666666666667,
        "n": 15
      },
      "MULTIHOP": {
        "exact_match": 0.0,
        "token_f1": 0.4530223381443419,
        "rouge_l": 0.3562471279138535,
        "keyword_hit_rate": 0.9444444444444445,
        "n": 12
      }
    },
    "basic_react": {
      "ARABIZI": {
        "exact_match": 0.0,
        "token_f1": 0.051802366539141664,
        "rouge_l": 0.029627437796791552,
        "keyword_hit_rate": 0.042261904761904764,
        "n": 28
      },
      "DARIJA": {
        "exact_match": 0.0,
        "token_f1": 0.32867296162223975,
        "rouge_l": 0.2552521412477485,
        "keyword_hit_rate": 0.8357142857142856,
        "n": 28
      },
      "SIMPLE": {
        "exact_match": 0.0,
        "token_f1": 0.48611048880011803,
        "rouge_l": 0.339288028115667,
        "keyword_hit_rate": 0.6488095238095238,
        "n": 28
      },
      "LEGAL": {
        "exact_match": 0.0,
        "token_f1": 0.24108715895091956,
        "rouge_l": 0.16002497413435465,
        "keyword_hit_rate": 0.8461538461538461,
        "n": 13
      },
      "OUTSCOPE": {
        "exact_match": 0.0,
        "token_f1": 0.04648768778653389,
        "rouge_l": 0.024540318028019367,
        "keyword_hit_rate": 0.1,
        "n": 15
      },
      "MULTIHOP": {
        "exact_match": 0.0,
        "token_f1": 0.34629977250599436,
        "rouge_l": 0.23596771897072377,
        "keyword_hit_rate": 0.7916666666666666,
        "n": 12
      }
    },
    "adaptive_simple": {
      "ARABIZI": {
        "exact_match": 0.0,
        "token_f1": 0.04929074875656907,
        "rouge_l": 0.027476578428561747,
        "keyword_hit_rate": 0.011904761904761904,
        "n": 28
      },
      "DARIJA": {
        "exact_match": 0.0,
        "token_f1": 0.2278333786249987,
        "rouge_l": 0.16957724063733468,
        "keyword_hit_rate": 0.3148809523809524,
        "n": 28
      },
      "SIMPLE": {
        "exact_match": 0.0,
        "token_f1": 0.3909315278646959,
        "rouge_l": 0.2522663256345024,
        "keyword_hit_rate": 0.3083333333333333,
        "n": 28
      },
      "LEGAL": {
        "exact_match": 0.0,
        "token_f1": 0.34134684056404374,
        "rouge_l": 0.2596790255143454,
        "keyword_hit_rate": 0.7692307692307693,
        "n": 13
      },
      "OUTSCOPE": {
        "exact_match": 0.0,
        "token_f1": 0.0390542956797803,
        "rouge_l": 0.02549314930436673,
        "keyword_hit_rate": 0.16666666666666666,
        "n": 15
      },
      "MULTIHOP": {
        "exact_match": 0.0,
        "token_f1": 0.22611773600642196,
        "rouge_l": 0.1355493052810457,
        "keyword_hit_rate": 0.5347222222222222,
        "n": 12
      }
    },
    "hyde": {
      "ARABIZI": {
        "exact_match": 0.0,
        "token_f1": 0.06463094787494723,
        "rouge_l": 0.05480192209866573,
        "keyword_hit_rate": 0.0,
        "n": 28
      },
      "DARIJA": {
        "exact_match": 0.0,
        "token_f1": 0.4807136995059108,
        "rouge_l": 0.43217804721846514,
        "keyword_hit_rate": 0.7428571428571429,
        "n": 28
      },
      "SIMPLE": {
        "exact_match": 0.0,
        "token_f1": 0.5895300131306367,
        "rouge_l": 0.4708023232285772,
        "keyword_hit_rate": 0.5684523809523809,
        "n": 28
      },
      "LEGAL": {
        "exact_match": 0.0,
        "token_f1": 0.5934567161377781,
        "rouge_l": 0.5417578924645965,
        "keyword_hit_rate": 0.7564102564102565,
        "n": 13
      },
      "OUTSCOPE": {
        "exact_match": 0.0,
        "token_f1": 0.043864319702730414,
        "rouge_l": 0.030506651840825943,
        "keyword_hit_rate": 0.06666666666666667,
        "n": 15
      },
      "MULTIHOP": {
        "exact_match": 0.0,
        "token_f1": 0.4487328719060352,
        "rouge_l": 0.3577598433591023,
        "keyword_hit_rate": 0.8194444444444445,
        "n": 12
      }
    },
    "self_rag": {
      "ARABIZI": {
        "exact_match": 0.0,
        "token_f1": 0.04225598655643133,
        "rouge_l": 0.023256780920182164,
        "keyword_hit_rate": 0.0,
        "n": 28
      },
      "DARIJA": {
        "exact_match": 0.0,
        "token_f1": 0.07985104746064835,
        "rouge_l": 0.04282181908203694,
        "keyword_hit_rate": 0.024999999999999998,
        "n": 28
      },
      "SIMPLE": {
        "exact_match": 0.0,
        "token_f1": 0.23315900397569747,
        "rouge_l": 0.1349082808570313,
        "keyword_hit_rate": 0.09523809523809523,
        "n": 28
      },
      "LEGAL": {
        "exact_match": 0.0,
        "token_f1": 0.29598201948857117,
        "rouge_l": 0.26791636071756914,
        "keyword_hit_rate": 0.3333333333333333,
        "n": 13
      },
      "OUTSCOPE": {
        "exact_match": 0.0,
        "token_f1": 0.025151841237864507,
        "rouge_l": 0.01573272453974595,
        "keyword_hit_rate": 0.06666666666666667,
        "n": 15
      },
      "MULTIHOP": {
        "exact_match": 0.0,
        "token_f1": 0.14258397959231192,
        "rouge_l": 0.07763532429133363,
        "keyword_hit_rate": 0.15277777777777776,
        "n": 12
      }
    },
    "flare": {
      "ARABIZI": {
        "exact_match": 0.0,
        "token_f1": 0.04772290079812453,
        "rouge_l": 0.03696177170626524,
        "keyword_hit_rate": 0.016071428571428573,
        "n": 28
      },
      "DARIJA": {
        "exact_match": 0.0,
        "token_f1": 0.4692613195158658,
        "rouge_l": 0.40428998893086115,
        "keyword_hit_rate": 0.6154761904761905,
        "n": 28
      },
      "SIMPLE": {
        "exact_match": 0.0,
        "token_f1": 0.5797826405605372,
        "rouge_l": 0.4802622279032081,
        "keyword_hit_rate": 0.3696428571428571,
        "n": 28
      },
      "LEGAL": {
        "exact_match": 0.0,
        "token_f1": 0.5030472829338639,
        "rouge_l": 0.40679490078259833,
        "keyword_hit_rate": 0.6602564102564104,
        "n": 13
      },
      "OUTSCOPE": {
        "exact_match": 0.0,
        "token_f1": 0.05520747751152777,
        "rouge_l": 0.0413234631549241,
        "keyword_hit_rate": 0.0,
        "n": 15
      },
      "MULTIHOP": {
        "exact_match": 0.0,
        "token_f1": 0.4990088512131396,
        "rouge_l": 0.4019348986755357,
        "keyword_hit_rate": 0.4375,
        "n": 12
      }
    },
    "crag": {
      "ARABIZI": {
        "exact_match": 0.0,
        "token_f1": 0.06922897243544877,
        "rouge_l": 0.059094375733517876,
        "keyword_hit_rate": 0.0,
        "n": 28
      },
      "DARIJA": {
        "exact_match": 0.0,
        "token_f1": 0.573408719107125,
        "rouge_l": 0.5349464003764156,
        "keyword_hit_rate": 0.8702380952380953,
        "n": 28
      },
      "SIMPLE": {
        "exact_match": 0.0,
        "token_f1": 0.6565432660427774,
        "rouge_l": 0.5701254700910093,
        "keyword_hit_rate": 0.6136904761904762,
        "n": 28
      },
      "LEGAL": {
        "exact_match": 0.0,
        "token_f1": 0.562370212000686,