{
  "category_scores": {
    "v12_pipeline": {
      "ARABIZI": {
        "exact_match": 0.0,
        "token_f1": 0.22280961999357599,
        "rouge_l": 0.18212422998382752,
        "keyword_hit_rate": 0.0494047619047619,
        "n": 28
      },
      "DARIJA": {
        "exact_match": 0.0,
        "token_f1": 0.4832696531376497,
        "rouge_l": 0.4091559683426894,
        "keyword_hit_rate": 0.644047619047619,
        "n": 28
      },
      "SIMPLE": {
        "exact_match": 0.0,
        "token_f1": 0.6441389747272735,
        "rouge_l": 0.48841310249282754,
        "keyword_hit_rate": 0.6583333333333333,
        "n": 28
      },
      "LEGAL": {
        "exact_match": 0.0,
        "token_f1": 0.3805629559717396,
        "rouge_l": 0.33335847748395947,
        "keyword_hit_rate": 0.782051282051282,
        "n": 13
      },
      "OUTSCOPE": {
        "exact_match": 0.0,
        "token_f1": 0.12468961008811649,
        "rouge_l": 0.11222068714047671,
        "keyword_hit_rate": 0.13333333333333333,
        "n": 15
      },
      "MULTIHOP": {
        "exact_match": 0.0,
        "token_f1": 0.49316709406372855,
        "rouge_l": 0.41188340038691323,
        "keyword_hit_rate": 0.7638888888888888,
        "n": 12
      }
    }
  },
  "language_scores": {
    "v12_pipeline": {
      "Arabizi": {
        "exact_match": 0.0,
        "token_f1": 0.22280961999357599,
        "rouge_l": 0.18212422998382752,
        "keyword_hit_rate": 0.0494047619047619,
        "n": 28
      },
      "Darija": {
        "exact_match": 0.0,
        "token_f1": 0.4832696531376497,
        "rouge_l": 0.4091559683426894,
        "keyword_hit_rate": 0.644047619047619,
        "n": 28
      },
      "french": {
        "exact_match": 0.0,
        "token_f1": 0.6441389747272735,
        "rouge_l": 0.48841310249282754,
        "keyword_hit_rate": 0.6583333333333333,
        "n": 28
      },
      "arabic_msa": {
        "exact_match": 0.0,
        "token_f1": 0.3183916926929776,
        "rouge_l": 0.2739892829760396,
        "keyword_hit_rate": 0.5333333333333333,
        "n": 40
      }
    }
  },
  "win_rate_matrix": {
    "v12_pipeline": {
      "v12_pipeline": 0.5
    }
  },
  "saved_at": "2026-06-08T18:19:39.476198"
}